date,name,price,url
2025-12-20,톰포드 오드우드,232.74,https://www.jomashop.com/tom-ford-unisex-oud-wood-edp-spray-3-4-oz-fragrances-888066024099.html
2025-12-20,프말 제라늄,219.99,https://www.jomashop.com/frederic-malle-mens-geranium-pour-monsieur-edp-spray-3-4-oz-fragrances-3700135003828.html
2025-12-20,톰포드 오드우드,232.74,https://www.jomashop.com/tom-ford-unisex-oud-wood-edp-spray-3-4-oz-fragrances-888066024099.html
2025-12-20,프말 제라늄,219.99,https://www.jomashop.com/frederic-malle-mens-geranium-pour-monsieur-edp-spray-3-4-oz-fragrances-3700135003828.html
2025-12-20,톰포드 오드우드,232.74,https://www.jomashop.com/tom-ford-unisex-oud-wood-edp-spray-3-4-oz-fragrances-888066024099.html
2025-12-20,프말 제라늄,219.99,https://www.jomashop.com/frederic-malle-mens-geranium-pour-monsieur-edp-spray-3-4-oz-fragrances-3700135003828.html
2025-12-20,톰포드 오드우드,232.74,https://www.jomashop.com/tom-ford-unisex-oud-wood-edp-spray-3-4-oz-fragrances-888066024099.html
2025-12-20,프말 제라늄,219.99,https://www.jomashop.com/frederic-malle-mens-geranium-pour-monsieur-edp-spray-3-4-oz-fragrances-3700135003828.html
2025-12-20,옴므 이데알,82.99,https://www.jomashop.com/guerlain-mens-lhomme-ideal-edp-spray-3-3-oz-fragrances-3346470303126.html
2025-12-20,크레도,174.99,https://www.jomashop.com/nishane-unisex-kredo-extrait-de-parfum-3-4-oz-fragrances-8683608070594.html
2025-12-20,지젠프,84.99,https://www.jomashop.com/givenchy-mens-gentleman-reserve-privee-edp-spray-3-3-oz-fragrances-3274872439078.html
